ID,NO,SUBDIVISION,POOL-GARDEN,MAIDS,WI-FI,CABLE,WATER,ELECTRICITY,ADMIN,ACCOUNTING,RENTAL,WAIVER,GUARANTEE,SPECIAL,INSURANCE,OTHER
22,1,210.00,NO,NO,NO,YES-3,25.00,By meter,90.00,NO,N/A,N/A,N/A,N/A,N/A,N/A
88,2,250.00,NO,NO,NO,YES-1,25.00,By meter,NO,NO,N/A,N/A,N/A,N/A,N/A,N/A
52,3,210.00,NO,NO,NO,YES-2,25.00,By meter,90.00,NO,N/A,N/A,N/A,N/A,N/A,N/A
23,4,210.00,3 DAYS GARDEN,NO,DELANCER $99.00,YES-2,25.00,By meter,NO,NO,N/A,N/A,N/A,N/A,N/A,N/A
57,5,210.00,3 DAYS P/G,4 X MONTH,DELANCER $30.00,YES-2,25.00,By meter,66.00,NO,YES,N/A,N/A,N/A,N/A,N/A
51,6,210.00,6 DAYS GARDEN,NO,RCL $40.00,YES-1,25.00,By meter,NO,NO,N/A,N/A,N/A,N/A,N/A,N/A
90,7,210.00,NO,NO,RCL $25.00,YES-1,25.00,By meter,90.00,NO,N/A,N/A,N/A,N/A,N/A,N/A
24,8,230.00,NO,NO,NO,YES-2,25.00,By meter,NO,NO,N/A,N/A,N/A,N/A,N/A,N/A
25,9,210.00,3 DAYS P/G,2 x MONTH,RCL $25.00,YES-3,25.00,By meter,66.00,NO,YES,N/A,N/A,N/A,RCL- Banreservas,N/A
83,10,230.00,NO,NO,NO,YES-1 (inac.),25.00,By meter,NO,NO,N/A,N/A,N/A,N/A,N/A,N/A
91,11,210.00,NO,NO,NO,NO,25.00,By meter,NO,NO,N/A,N/A,N/A,N/A,N/A,N/A
108,12,210.00,NO,NO,NO,YES-2,25.00,By meter,90.00,NO,N/A,N/A,N/A,N/A,N/A,N/A
92,13,210.00,NO,NO,NO,YES-1,25.00,By meter,NO,NO,N/A,N/A,N/A,N/A,N/A,N/A
26,14,210.00,NO,NO,DELANCER $30.00,YES-2,25.00,By meter,90.00,NO,N/A,N/A,N/A,N/A,N/A,N/A
27,15,210.00,NO,NO,NO,YES-1,25.00,By meter,NO,NO,N/A,N/A,N/A,N/A,N/A,N/A
234,16,210.00,NO,NO,NO,YES-1,25.00,By meter,NO,NO,N/A,N/A,N/A,N/A,N/A,N/A
93,17,210.00,3 DAYS GARDEN,NO,NO,YES-2,25.00,By meter,90.00,NO,N/A,N/A,N/A,N/A,N/A,N/A
28,18,210.00,3 DAYS P/G,NO,RCL $25.00,YES-3,25.00,By meter,90.00,NO,N/A,N/A,N/A,N/A,N/A,N/A
29,19,210.00,3 DAYS P/G,NO,DELANCER $30.00,YES-1,25.00,By meter,NO,NO,N/A,N/A,N/A,N/A,N/A,N/A
109,20,210.00,6 DAYS P/G,1 X WEEK,NO,YES-1,25.00,By meter,NO,NO,N/A,N/A,N/A,N/A,N/A,N/A
94,21,210.00,NO,NO,NO,NO,25.00,By meter,NO,NO,N/A,N/A,N/A,N/A,N/A,N/A
95,23,210.00,NO,NO,NO,YES-2,25.00,By meter,NO,NO,N/A,N/A,N/A,N/A,N/A,N/A
96,24,230.00,NO,NO,NO,YES-4,25.00,By meter,90.00,NO,N/A,N/A,N/A,N/A,N/A,N/A
72,25,230.00,6 DAYS P/G,NO,RCL $40.00,YES-1,25.00,By meter,90.00,NO,N/A,N/A,N/A,N/A,N/A,N/A
125,26,210.00,NO,NO,NO,YES-1 (inac.),25.00,By meter,NO,NO,N/A,N/A,N/A,N/A,N/A,N/A
120,27,230.00,NO,NO,NO,YES-2,25.00,By meter,90.00,NO,N/A,N/A,N/A,N/A,N/A,N/A
30,28,230.00,3 DAYS P/G,1 X WEEK,RCL $25.00,YES-1,25.00,By meter,NO,NO,N/A,N/A,N/A,N/A,N/A,N/A
31,29,210.00,NO,NO,NO,YES-1,25.00,By meter,66.00,NO,N/A,N/A,N/A,N/A,N/A,N/A
183,30,230.00,NO,NO,DELANCER $30.00,YES-2,25.00,By meter,90.00,NO,N/A,N/A,N/A,N/A,N/A,N/A
32,31,210.00,3 DAYS P/G,2 x MONTH,RCL $25.00,YES-3,25.00,By meter,66.00,60.00,YES,N/A,N/A,N/A,N/A,N/A
33,32,210.00,NO,NO,DELANCER $30.00,NO,25.00,By meter,NO,NO,N/A,N/A,N/A,N/A,N/A,N/A
34,33,230.00,3 DAYS P/G,NO,DELANCER $30.00,YES-2,25.00,By meter,NO,NO,N/A,N/A,N/A,N/A,N/A,N/A
73,34,210.00,NO,NO,NO,YES-2,25.00,By meter,NO,NO,N/A,N/A,N/A,N/A,N/A,N/A
66,35,210.00,3 DAYS P/G,2 x MONTH,RCL $25.00,YES-3,25.00,By meter,66.00,60.00,Yes,N/A,N/A,N/A,N/A,N/A
105,36,210.00,NO,NO,RCL $25.00,YES-2,25.00,By meter,NO,NO,N/A,N/A,N/A,N/A,N/A,N/A
106,37,210.00,NO,NO,NO,YES-1,25.00,By meter,90.00,NO,N/A,N/A,N/A,N/A,N/A,N/A
118,38,210.00,6 DAYS P/G,NO,CLARO (Privado),YES-1,25.00,By meter,NO,NO,N/A,N/A,N/A,N/A,N/A,N/A
184,39,230.00,NO,NO,NO,YES-2 (inac.),25.00,By meter,NO,NO,N/A,N/A,N/A,N/A,N/A,N/A
124,40,210.00,NO,NO,RCL $50.00,YES-1,25.00,By meter,NO,NO,N/A,N/A,N/A,N/A,N/A,N/A
76,41,230.00,NO,NO,NO,YES-1,25.00,By meter,NO,NO,N/A,N/A,N/A,N/A,N/A,N/A
97,42,230.00,NO,NO,NO,YES-1,25.00,By meter,90.00,NO,N/A,N/A,N/A,N/A,N/A,N/A
35,43,230.00,3 DAYS P/G,2 x MONTH,RCL $25.00,YES-3,25.00,By meter,66.00,60.00,Yes,N/A,N/A,N/A,Universal,N/A
98,44,210.00,NO,NO,NO,YES-2,25.00,By meter,NO,NO,N/A,N/A,N/A,N/A,N/A,N/A
74,45,210.00,NO,NO,NO,YES-1,25.00,By meter,NO,NO,N/A,N/A,N/A,N/A,N/A,N/A
99,46,270.00,6 DAYS P/G,1 x MONTH,NO,NO,25.00,By meter,NO,NO,N/A,N/A,N/A,N/A,N/A,N/A
36,47,210.00,NO,NO,RCL $25.00,YES-3,25.00,By meter,NO,NO,N/A,N/A,N/A,N/A,N/A,N/A
37,48,230.00,3 DAYS P/G,NO,RCL $25.00,YES-1,25.00,By meter,NO,NO,N/A,N/A,N/A,N/A,N/A,N/A
38,49,210.00,3 DAYS P/G,1 x MONTH,RCL $25.00,YES-1,25.00,By meter,NO,NO,N/A,N/A,N/A,N/A,N/A,N/A
100,50,230.00,NO,NO,NO,YES-2,25.00,By meter,NO,NO,N/A,N/A,N/A,N/A,N/A,N/A
39,52,250.00,NO,NO,DELANCER $30.00,YES-1,25.00,By meter,NO,NO,N/A,N/A,N/A,N/A,N/A,N/A
75,53,230.00,NO,NO,NO,YES-2,25.00,By meter,90.00,NO,N/A,N/A,N/A,N/A,N/A,N/A
101,54,230.00,NO,NO,NO,YES-3,25.00,By meter,NO,NO,N/A,N/A,N/A,N/A,N/A,N/A
40,55,210.00,3 DAYS P/G,NO,NO,NO,25.00,By meter,NO,NO,N/A,N/A,N/A,N/A,N/A,N/A
102,57,230.00,NO,NO,NO,YES-1,25.00,By meter,NO,NO,N/A,N/A,N/A,N/A,N/A,N/A
41,58,230.00,NO,NO,NO,YES-1,25.00,By meter,66.00,NO,N/A,N/A,N/A,N/A,N/A,N/A
42,59,250.00,NO,NO,NO,YES-1,25.00,By meter,NO,NO,N/A,N/A,N/A,N/A,N/A,N/A
119,60,210.00,NO,NO,NO,YES-4,25.00,By meter,NO,NO,N/A,N/A,N/A,N/A,N/A,N/A
77,61,230.00,6 DAYS P/G,NO,NO,YES-2,25.00,By meter,25.00,NO,N/A,N/A,N/A,N/A,N/A,N/A
78,62,270.00,NO,NO,DELANCER $30.00,YES-1,25.00,By meter,90.00,NO,N/A,N/A,N/A,N/A,N/A,N/A
43,63,250.00,NO,NO,RCL $25.00,YES-5,25.00,By meter,90.00,NO,N/A,N/A,N/A,N/A,N/A,N/A
79,70,230.00,NO,NO,NO,YES-3 (inac.),25.00,By meter,NO,NO,N/A,N/A,N/A,N/A,N/A,N/A
54,71,250.00,NO,NO,NO,YES-1,25.00,By meter,NO,NO,N/A,N/A,N/A,N/A,N/A,N/A
44,72,210.00,NO,NO,NO,YES-1,25.00,By meter,NO,NO,N/A,N/A,N/A,N/A,N/A,N/A
45,73,210.00,3 DAYS P/G,NO,DELANCER $30.00,YES-1,25.00,By meter,90.00,NO,N/A,N/A,N/A,N/A,N/A,N/A
80,74,270.00,NO,NO,NO,YES-2,25.00,By meter,90.00,NO,N/A,N/A,N/A,N/A,N/A,N/A
46,75,210.00,NO,2 x WEEK,NO,YES-1,25.00,By meter,NO,NO,N/A,N/A,N/A,N/A,N/A,N/A
47,76,210.00,NO,NO,NO,YES-2,25.00,By meter,NO,NO,N/A,N/A,N/A,N/A,N/A,N/A
110,76A,230.00,NO,1 X WEEK,NO,YES-2,25.00,By meter,NO,NO,N/A,N/A,N/A,N/A,N/A,N/A
53,77,250.00,NO,NO,NO,YES-2,25.00,By meter,90.00,NO,N/A,N/A,N/A,N/A,N/A,N/A
81,78,230.00,NO,NO,NO,YES-2,25.00,By meter,90.00,NO,N/A,N/A,N/A,N/A,N/A,N/A
50,79,230.00,NO,NO,NO,YES-2,25.00,By meter,90.00,NO,N/A,N/A,N/A,N/A,N/A,N/A
103,80,250.00,NO,NO,NO,NO,25.00,By meter,NO,NO,N/A,N/A,N/A,N/A,N/A,N/A
48,81,250.00,NO,NO,DELANCER $65.00,YES-1,25.00,By meter,NO,NO,N/A,N/A,N/A,N/A,N/A,N/A
104,82,270.00,NO,NO,RCL $25.00,YES-3,25.00,By meter,NO,NO,N/A,N/A,N/A,N/A,N/A,N/A
49,83,230.00,NO,NO,NO,YES-1,25.00,By meter,NO,NO,N/A,N/A,N/A,N/A,N/A,N/A
87,84,250.00,NO,NO,DELANCER $51.00,YES-1,25.00,By meter,NO,NO,N/A,N/A,N/A,N/A,N/A,N/A
82,85,230.00,NO,NO,RCL $25.00,YES-4,25.00,By meter,90.00,NO,N/A,N/A,N/A,N/A,N/A,N/A
191,86,230.00,NO,NO,NO,NO,25.00,By meter,NO,NO,N/A,N/A,N/A,N/A,N/A,N/A
220,600,250.00,3 DAYS P/G,2 x WEEK,RCL $25.00,YES-2,25.00,By meter,NO,NO,N/A,N/A,N/A,N/A,N/A,N/A
111,601,230.00,NO,NO,NO,YES-2,25.00,By meter,90.00,NO,N/A,N/A,N/A,N/A,N/A,N/A
58,602,210.00,3 DAYS P/G,NO,NO,YES-1,25.00,By meter,NO,NO,N/A,N/A,N/A,N/A,N/A,N/A
131,603,210.00,3 DAYS P/G,NO,RCL $25.00,YES-3,25.00,By meter,66.00,60.00,YES,N/A,N/A,N/A,Universal,N/A
138,604,210.00,NO,NO,DELANCER $30.00,YES-3,25.00,By meter,NO,NO,N/A,N/A,N/A,N/A,N/A,N/A
113,604A,250.00,3 DAYS P/G,2 x MONTH,NO,YES-4,25.00,By meter,66.00,60.00,YES,N/A,N/A,N/A,N/A,N/A
114,605,230.00,NO,NO,NO,YES-3,25.00,By meter,NO,NO,N/A,N/A,N/A,N/A,N/A,N/A
112,606,270.00,3 DAYS P/G,2 x MONTH,RCL $25.00,YES-6,25.00,By meter,66.00,60.00,YES,N/A,N/A,N/A,N/A,N/A
84,607,250.00,3 DAYS P/G,2 x MONTH,RCL $25.00,YES-5,25.00,By meter,66.00,60.00,YES,N/A,N/A,N/A,N/A,N/A
59,608,250.00,3 DAYS P/G,2 x MONTH,RCL $120.00,YES-6,25.00,By meter,66.00,60.00,YES,N/A,N/A,N/A,N/A,N/A
115,609,250.00,NO,NO,NO,NO,25.00,By meter,NO,NO,N/A,N/A,N/A,N/A,N/A,N/A
126,610,230.00,3 DAYS P/G,2 x MONTH,RCL $25.00,YES-4,25.00,By meter,66.00,60.00,YES,N/A,N/A,N/A,Universal,N/A
56,611,230.00,NO,2 x MONTH,NO,YES-1,25.00,By meter,NO,NO,N/A,N/A,N/A,N/A,N/A,N/A
121,612,210.00,3 DAYS P/G,2 x MONTH,RCL $25.00,YES-3,25.00,By meter,66.00,60.00,YES,N/A,N/A,N/A,Mapfre,N/A
135,613,270.00,3 DAYS P/G,2 x MONTH,RCL $25.00,YES-6,25.00,By meter,66.00,60.00,YES,N/A,N/A,N/A,N/A,N/A
71,614,230.00,3 DAYS P/G,2 x MONTH,RCL $25.00,YES-4,25.00,By meter,66.00,60.00,YES,N/A,N/A,N/A,Mapfre,N/A
85,615,230.00,NO,NO,NO,YES-1,25.00,By meter,NO,NO,N/A,N/A,N/A,N/A,N/A,N/A
86,616,250.00,NO,NO,NO,YES-4,25.00,By meter,90.00,NO,N/A,N/A,N/A,N/A,N/A,N/A
60,617,250.00,6 DAYS P/G,1 X WEEK,NO,YES-4,25.00,By meter,NO,NO,N/A,N/A,N/A,N/A,N/A,N/A
61,622,210.00,3 DAYS P/G,NO,RCL $25.00,YES-1,25.00,By meter,66.00,60.00,N/A,N/A,N/A,N/A,N/A,N/A
107,623,230.00,NO,NO,NO,YES-2 (inac.),25.00,By meter,NO,NO,N/A,N/A,N/A,N/A,N/A,N/A
62,624,250.00,3 DAYS P/G,2 x MONTH,RCL $25.00,YES-5,25.00,By meter,66.00,60.00,YES,N/A,N/A,N/A,N/A,N/A
186,624A,250.00,NO,NO,NO,YES-2,25.00,By meter,90.00,NO,N/A,N/A,N/A,N/A,N/A,N/A
129,625A,230.00,NO,NO,NO,YES-1 (inac.),25.00,By meter,NO,NO,N/A,N/A,N/A,N/A,N/A,N/A
150,625B,290.00,3 DAYS P/G,2 x MONTH,RCL $25.00,YES-7,25.00,By meter,66.00,60.00,YES,N/A,N/A,N/A,N/A,N/A
140,626A,230.00,NO,NO,NO,NO,25.00,By meter,NO,NO,N/A,N/A,N/A,N/A,N/A,N/A
127,626B,230.00,3 DAYS P/G,2 x MONTH,RCL $25.00,YES-4,25.00,By meter,66.00,60.00,YES,N/A,N/A,N/A,N/A,N/A
180,627A,230.00,NO,NO,NO,YES-2,25.00,By meter,66.00,NO,N/A,N/A,N/A,N/A,N/A,N/A
139,627B,230.00,3 DAYS P/G,2 x MONTH,DELANCER $30.00,YES-4,25.00,By meter,66.00,60.00,N/A,N/A,N/A,N/A,N/A,N/A
63,628A,230.00,NO,NO,NO,YES-4,25.00,By meter,NO,NO,N/A,N/A,N/A,N/A,Mapfre,N/A
229,628B,230.00,3 DAYS P/G,NO,RCL $25.00,YES-2,25.00,By meter,NO,NO,N/A,N/A,N/A,N/A,N/A,N/A
64,629,230.00,NO,NO,RCL $40.00,YES-1,25.00,By meter,NO,NO,N/A,N/A,N/A,N/A,N/A,N/A
128,630,230.00,NO,NO,NO,YES-1,25.00,By meter,NO,NO,N/A,N/A,N/A,N/A,N/A,N/A
65,631,290.00,3 DAYS P/G,2 x MONTH,RCL $25.00,YES-7,25.00,By meter,66.00,60.00,YES,N/A,N/A,N/A,RCL- Banreservas,N/A
67,632,250.00,NO,NO,DELANCER $30.00,YES-1,25.00,By meter,90.00,NO,N/A,N/A,N/A,N/A,N/A,N/A
89,633,210.00,NO,NO,NO,YES-1,25.00,By meter,NO,NO,N/A,N/A,N/A,N/A,N/A,N/A
68,634,230.00,NO,NO,RCL $25.00,YES-4,25.00,By meter,NO,NO,N/A,N/A,N/A,N/A,N/A,N/A
55,635,230.00,6 DAYS P/G,NO,NO,YES-1,25.00,By meter,NO,NO,N/A,YES,NO,YES,N/A,N/A
116,636,250.00,3 DAYS P/G,2 x MONTH,RCL $25.00,YES-5,25.00,By meter,66.00,60.00,YES,N/A,N/A,N/A,Universal,N/A
69,637,250.00,NO,NO,DELANCER $30.00,YES-5,25.00,By meter,NO,NO,N/A,N/A,N/A,N/A,N/A,N/A
117,638,250.00,3 DAYS P/G,NO,NO,YES-2,25.00,By meter,NO,NO,N/A,N/A,N/A,N/A,N/A,N/A
70,639,250.00,4 DAYS P/G,2 x MONTH,RCL $25.00,YES-5,25.00,By meter,66.00,60.00,YES,N/A,N/A,N/A,N/A,N/A
162,640,210.00,3 DAYS P/G,2 x MONTH,RCL $25.00,YES-3,25.00,By meter,66.00,60.00,YES,N/A,N/A,N/A,RCL- Banreservas,N/A
168,641,210.00,NO,NO ,RCL $25.00,YES-3,25.00,By meter,NO,NO,N/A,N/A,N/A,N/A,N/A,N/A
185,642,210.00,NO,NO ,DELANCER $30.00,YES-1,25.00,By meter,NO,NO,N/A,N/A,N/A,N/A,N/A,N/A
130,643,210.00,3 DAYS P/G,2 x MONTH,RCL $25.00,YES-3,25.00,By meter,66.00,60.00,YES,N/A,N/A,N/A,N/A,N/A
133,644,210.00,NO,NO,RCL $40.00,YES-1,25.00,By meter,NO,NO,N/A,N/A,N/A,N/A,N/A,N/A
176,645,210.00,3 DAYS P/G,2 x MONTH,RCL $80.00,YES-3,25.00,By meter,66.00,60.00,YES,N/A,N/A,N/A,Mapfre,N/A
170,646,210.00,NO,NO,NO,YES-4(inac.),25.00,By meter,NO,NO,N/A,N/A,N/A,N/A,N/A,N/A
123,647,210.00,NO,NO,NO,YES-3(inac.),25.00,By meter,NO,NO,N/A,N/A,N/A,N/A,N/A,N/A
132,648,210.00,3 DAYS P/G,2 x MONTH,RCL $25.00,YES-3,25.00,By meter,66.00,60.00,YES,N/A,N/A,N/A,N/A,N/A
134,649,230.00,NO,NO,NO,YES-3,25.00,By meter,NO,NO,N/A,N/A,N/A,N/A,N/A,N/A
202,701,150.00,3 DAYS P/G,2 x MONTH,RCL $25.00,YES-1,25.00,By meter,66.00,NO,YES,N/A,N/A,N/A,N/A,N/A
219,702,230.00,3 DAYS P/G,2 x MONTH,RCL $25.00,YES-4,25.00,By meter,66.00,60.00,YES,N/A,N/A,N/A,N/A,N/A
147,7101,210.00,NO,1 x MONTH,NO,YES-1,25.00,By meter,NO,NO,N/A,N/A,N/A,N/A,N/A,N/A
226,7/102-3,290.00,6 DAYS P/G,NO,DELANCER $60.00,YES-4,25.00,By meter,90.00,NO,N/A,N/A,N/A,N/A,N/A,N/A
218,7-147,210.00,3 DAYS P/G,2 x MONTH,DELANCER $30.00,YES-3,25.00,By meter,66.00,60.00,YES,N/A,N/A,N/A,N/A,N/A
239,711,230.00,3 DAYS P/G,2 x MONTH,RCL $25.00,YES-4,25.00,By meter,66.00,60.00,YES,N/A,N/A,N/A,N/A,N/A
165,712,210.00,NO,NO,NO,YES-3,25.00,By meter,66.00,NO,N/A,N/A,N/A,N/A,N/A,N/A
169,713,250.00,NO,NO,RCL $25.00,NO,25.00,By meter,NO,NO,N/A,N/A,N/A,N/A,N/A,N/A
193,714,250.00,NO,NO,NO,NO,25.00,By meter,NO,NO,N/A,N/A,N/A,N/A,N/A,N/A
198,715,250.00,3 DAYS P/G,2 x MONTH,RCL $25.00,YES-5,25.00,By meter,66.00,60.00,YES,N/A,YES,N/A,N/A,N/A
148,716,250.00,3 DAYS P/G,2 x MONTH,RCL $25.00,YES-5,25.00,By meter,66.00,60.00,N/A,N/A,N/A,N/A,N/A,N/A
158,719,230.00,NO,NO,DELANCER $30.00,YES-4,25.00,By meter,NO,NO,N/A,N/A,N/A,N/A,N/A,N/A
210,720,270.00,NO,NO,RCL $50.00,NO,25.00,By meter,NO,NO,N/A,N/A,N/A,N/A,N/A,N/A
141,721A,230.00,3 DAYS P/G,2 x MONTH,RCL $25.00,YES-4,25.00,By meter,66.00,60.00,YES,N/A,N/A,N/A,RCL- Banreservas,N/A
157,721B,270.00,3 DAYS P/G,2 x MONTH (Inac),DELANCER $138.00,YES-6,25.00,By meter,66.00,60.00,N/A,N/A,N/A,N/A,N/A,N/A
252,722,210.00,NO,NO,NO,NO,25.00,By meter,90.00,NO,N/A,N/A,N/A,N/A,N/A,N/A
155,723,230.00,NO,NO,NO,YES-2,25.00,By meter,NO,NO,N/A,N/A,N/A,N/A,N/A,N/A
243,724,230.00,NO,NO,DELANCER $30.00,YES-4,25.00,By meter,NO,NO,N/A,N/A,N/A,N/A,N/A,N/A
161,725,250.00,3 DAYS P/G,2 x MONTH,NO,YES-5,25.00,By meter,66.00,60.00,YES,N/A,N/A,N/A,N/A,N/A
192,726,250.00,NO,NO,NO,NO,25.00,By meter,NO,NO,N/A,N/A,N/A,N/A,N/A,N/A
235,727,230.00,6 pool/3 Garden,2 x MONTH,RCL $25.00,YES-4,25.00,By meter,66.00,60.00,YES,N/A,N/A,N/A,Universal,N/A
203,730,250.00,3 DAYS P/G,2 x MONTH,RCL $25.00,YES-5,25.00,By meter,66.00,60.00,YES,N/A,N/A,N/A,N/A,N/A
153,732,250.00,3 DAYS P/G,NO,RCL $25.00,YES-1,25.00,By meter,NO,NO,N/A,N/A,N/A,N/A,N/A,N/A
269,733,270.00,3 DAYS P/G,2 x MONTH,DELANCER $30.00,YES-6,25.00,By meter,66.00,60.00,YES,N/A,N/A,N/A,N/A,N/A
211,734,250.00,6 DAYS P/G,NO,NO,YES-2,25.00,By meter,NO,NO,N/A,N/A,N/A,N/A,N/A,N/A
142,741,230.00,3 DAYS P/G,2 x MONTH,RCL $25.00,YES-4,25.00,By meter,66.00,60.00,YES,N/A,N/A,N/A,N/A,N/A
206,742,210.00,3 DAYS P/G,2 x MONTH,RCL $25.00,YES-3,25.00,By meter,66.00,60.00,YES,N/A,N/A,N/A,N/A,N/A
177,751,250.00,3 DAYS P/G,2 x MONTH,DELANCER $30.00,YES-6,25.00,By meter,66.00,60.00,YES,N/A,N/A,N/A,Universal,N/A
144,753,250.00,3 DAYS P/G,2 x MONTH,RCL $50.00,YES-5,25.00,By meter,66.00,60.00,YES,N/A,N/A,N/A,RCL- Banreservas,N/A
204,754,230.00,3 DAYS P/G,2 x MONTH,RCL $25.00,YES-4,25.00,By meter,66.00,60.00,YES,N/A,N/A,N/A,N/A,N/A
156,755,250.00,3 DAYS P/G,2 x MONTH,RCL $25.00,YES-6,25.00,By meter,66.00,60.00,YES,N/A,N/A,N/A,Universal,N/A
181,756,270.00,NO,NO,NO,YES-1,25.00,By meter,NO,NO,N/A,N/A,N/A,N/A,N/A,N/A
143,757,290.00,3 DAYS P/G,2 x MONTH,RCL $25.00,YES-7,25.00,By meter,66.00,60.00,YES,N/A,N/A,N/A,N/A,N/A
136,758,270.00,3 DAYS P/G,2 x MONTH,RCL $25.00,YES-7,25.00,By meter,66.00,60.00,YES,N/A,N/A,N/A,Mapfre,N/A
246,759,250.00,3 DAYS P/G,2 x MONTH,DELANCER $51.00,YES-7,25.00,By meter,66.00,60.00,YES,N/A,N/A,N/A,Mapfre,N/A
175,760,230.00,6 pool/3 Garden,2 x MONTH,RCL $25.00,YES-4,25.00,By meter,66.00,60.00,YES,N/A,N/A,N/A,Universal,N/A
189,762,230.00,3 DAYS P/G,2 x MONTH,RCL $25.00,YES-4,25.00,By meter,66.00,60.00,YES,N/A,N/A,N/A,Universal,N/A
200,763,290.00,3 DAYS P/G,2 x MONTH,DELANCER $30.00,YES-7,25.00,By meter,66.00,60.00,YES,N/A,N/A,N/A,N/A,N/A
151,765a,230.00,NO,NO,DELANCER $99.00,YES-4,25.00,By meter,NO,NO,N/A,N/A,N/A,N/A,N/A,N/A
164,765b,230.00,3 DAYS P/G,2 x MONTH,RCL $25.00,YES-5,25.00,By meter,66.00,60.00,YES,N/A,N/A,N/A,N/A,N/A
190,765c,210.00,NO,NO,DELANCER $30.00,YES-1,25.00,By meter,NO,NO,N/A,N/A,N/A,N/A,N/A,N/A
207,765d,230.00,NO,NO,DELANCER $30.00,YES-1,25.00,By meter,NO,NO,N/A,N/A,N/A,N/A,N/A,N/A
225,765e,210.00,3 DAYS P/G,NO,RCL $25.00,YES-3,25.00,By meter,NO,NO,N/A,N/A,N/A,N/A,N/A,N/A
149,765f,210.00,3 DAYS P/G,2 x MONTH,NO,YES-3,25.00,By meter,66.00,60.00,YES,N/A,N/A,N/A,RCL- Banreservas,N/A
195,765g,150.00,NO,NO,NO,YES-2,25.00,By meter,NO,NO,N/A,N/A,N/A,N/A,N/A,N/A
178,765h,210.00,NO,NO,NO,YES-2,25.00,By meter,NO,NO,N/A,N/A,N/A,N/A,N/A,N/A
222,765i,210.00,NO,NO,DELANCER $30.00,YES-2,25.00,By meter,NO,NO,N/A,N/A,N/A,N/A,N/A,N/A
249,765j,210.00,NO,NO,NO,NO,25.00,By meter,NO,NO,N/A,N/A,N/A,N/A,N/A,N/A
146,765k,230.00,3 DAYS P/G,1 X WEEK,DELANCER $30.00,YES-4,25.00,By meter,NO,NO,N/A,N/A,N/A,N/A,N/A,N/A
240,766,270.00,1 x MONTH,1 x MONTH,NO,YES-1,25.00,By meter,NO,NO,N/A,N/A,N/A,N/A,N/A,N/A
194,768,290.00,NO,2 x WEEK,NO,YES-6,25.00,By meter,NO,NO,N/A,N/A,N/A,N/A,N/A,N/A
174,769,290.00,3 DAYS P/G,2 x MONTH,RCL $25.00,YES-7,25.00,By meter,66.00,60.00,YES,N/A,N/A,N/A,RCL- Banreservas,N/A
268,772,250.00,3 DAYS P/G,2 x MONTH,RCL $25.00,YES-5,25.00,By meter,66.00,60.00,YES,N/A,N/A,N/A,N/A,N/A
187,774,250.00,3 DAYS P/G,2 x MONTH,RCL $25.00,YES-5,25.00,By meter,66.00,60.00,YES,N/A,N/A,N/A,N/A,N/A
237,776,270.00,6 DAYS P/G,NO,DELANCER $ 99.00,YES-7,25.00,By meter,90.00,NO,N/A,N/A,N/A,N/A,N/A,N/A
236,780,230.00,NO,NO,NO,NO,25.00,By meter,NO,NO,N/A,N/A,N/A,N/A,N/A,N/A
163,804,210.00,3 DAYS P/G,2 x MONTH,RCL $25.00,YES-3,25.00,By meter,66.00,60.00,YES,N/A,N/A,N/A,Universal,N/A
215,805,250.00,3 DAYS P/G,2 x MONTH,RCL $25.00,YES-5,25.00,By meter,66.00,60.00,YES,N/A,N/A,N/A,N/A,N/A
267,807,210.00,3 DAYS P/G,2 x MONTH,RCL $25.00,YES-3,25.00,By meter,66.00,60.00,YES,N/A,N/A,N/A,N/A,N/A
271,807B,210.00,3 DAYS P/G,2 x MONTH,DELANCER $30.00,YES-3,25.00,By meter,66.00,60.00,YES,N/A,N/A,N/A,RCL- Banreservas,N/A
241,810,230.00,NO,1 X WEEK,NO,YES-2,25.00,By meter,NO,NO,N/A,N/A,N/A,N/A,N/A,N/A
154,811,290.00,3 DAYS P/G,2 x MONTH,RCL $25.00,YES-7,25.00,By meter,66.00,60.00,YES,N/A,N/A,N/A,N/A,N/A
179,812,230.00,NO,NO,NO,YES-4,25.00,By meter,NO,NO,N/A,N/A,N/A,N/A,N/A,N/A
201,813,290.00,3 DAYS P/G,2 x MONTH,DELANCER $30.00,YES-8,25.00,By meter,66.00,60.00,YES,N/A,N/A,N/A,N/A,N/A
152,814,230.00,3 DAYS P/G,2 x MONTH,DELANCER $30.00,YES-4,25.00,By meter,66.00,60.00,YES,N/A,N/A,N/A,N/A,N/A
214,817,210.00,NO,NO,NO,YES-1,25.00,By meter,NO,NO,N/A,N/A,N/A,N/A,N/A,N/A
213,818,250.00,NO,NO,DELANCER $38.00,YES-1,25.00,By meter,NO,NO,N/A,N/A,N/A,N/A,N/A,N/A
254,820,250.00,3 DAYS P/G,2 x MONTH,RCL $25.00,YES-4,25.00,By meter,66.00,60.00,YES,YES,N/A,N/A,Monumental,N/A
223,821,230.00,NO,NO,RCL $50.00,YES-1,25.00,By meter,NO,NO,N/A,N/A,N/A,N/A,N/A,N/A
217,822,230.00,NO,NO,NO,YES-1,25.00,By meter,NO,NO,N/A,N/A,N/A,N/A,N/A,N/A
216,823,230.00,NO,NO,NO,NO,25.00,By meter,NO,NO,N/A,N/A,N/A,N/A,N/A,N/A
238,824,250.00,3 DAYS P/G,NO,NO,YES-2,25.00,By meter,NO,NO,N/A,N/A,N/A,N/A,N/A,N/A
245,828,250.00,NO,NO,RCL $120.00,NO,25.00,By meter,NO,NO,N/A,N/A,N/A,N/A,N/A,N/A
242,829,230.00,3 DAYS P/G,1 X WEEK,DELANCER $30.00,YES-5,25.00,By meter,NO,NO,N/A,N/A,N/A,N/A,N/A,N/A
266,830,210.00,3 DAYS P/G,2 x MONTH,RCL $25.00,YES-3,25.00,By meter,66.00,60.00,YES,N/A,N/A,N/A,N/A,N/A
276,835,250.00,3 DAYS P/G,NO,NO,YES-5,25.00,By meter,66.00,NO,N/A,N/A,N/A,N/A,N/A,N/A
275,836,250.00,3 DAYS P/G,NO,NO,YES-5,25.00,By meter,66.00,NO,N/A,N/A,N/A,N/A,N/A,N/A
244,837,250.00,3 DAYS P/G,NO,NO,YES-5,25.00,By meter,66.00,NO,N/A,N/A,N/A,N/A,N/A,N/A
228,837B,250.00,3 DAYS P/G,1 x WEEK,DELANCER $38.00,YES-3,25.00,By meter,NO,NO,N/A,N/A,N/A,N/A,N/A,N/A
221,840,210.00,3 DAYS P/G,2 x MONTH,RCL $25.00,YES-3,25.00,By meter,66.00,60.00,YES,N/A,N/A,N/A,RCL- Banreservas,N/A
247,843,230.00,3 DAYS P/G,2 x MONTH,RCL $25.00,YES-4,25.00,By meter,66.00,60.00,YES,N/A,N/A,N/A,N/A,N/A
199,847,210.00,3 DAYS P/G,2 x MONTH,RCL $25.00,YES-4,25.00,By meter,66.00,60.00,YES,N/A,N/A,N/A,Universal,N/A
208,849,250.00,3 DAYS P/G,2 x MONTH,RCL $80.00,YES-6,25.00,By meter,66.00,60.00,YES,N/A,N/A,N/A,N/A,N/A
209,850,250.00,3 DAYS P/G,2 x MONTH,RCL $25.00,YES-5,25.00,By meter,66.00,60.00,YES,N/A,N/A,N/A,N/A,N/A
224,854b,230.00,3 DAYS P/G,2 x MONTH,DELANCER $65.00,YES-4,25.00,By meter,66.00,60.00,YES,N/A,N/A,N/A,N/A,N/A
196,855,230.00,NO,NO,RCL $50.00,YES-1,25.00,By meter,NO,NO,N/A,N/A,N/A,N/A,N/A,N/A
197,877,290.00,3 DAYS P/G,NO,DELANCER $99.00,YES-1,25.00,By meter,NO,NO,N/A,N/A,N/A,N/A,N/A,N/A
273,883,250.00,3 DAYS P/G,2 x MONTH,RCL $50.00,YES-5,25.00,By meter,66.00,60.00,YES,N/A,N/A,N/A,N/A,N/A
264,884,270.00,6 DAYS P/G,NO,RCL $80.00,YES-2,25.00,By meter,NO,NO,N/A,N/A,N/A,N/A,N/A,N/A
251,901,190.00,NO,NO,NO,YES-1,25.00,By meter,NO,NO,N/A,N/A,N/A,N/A,N/A,N/A
261,902,220.00,3 DAYS P/G,NO,RCL 25.00,YES-4,25.00,By meter,NO,NO,N/A,N/A,N/A,N/A,N/A,N/A
263,908,190.00,3 DAYS P/G,2 x MONTH,RCL 25.00,YES-3,25.00,By meter,45.00,60.00,YES,N/A,N/A,N/A,RCL- Banreservas,N/A
274,909,210.00,1 Garden/ 3 Pool,2 X MONTH,NO,NO,25.00,By meter,NO,NO,N/A,N/A,N/A,N/A,N/A,N/A
253,918,190.00,NO,NO,NO,YES-3,25.00,By meter,NO,NO,N/A,N/A,N/A,N/A,N/A,N/A
260,919,190.00,1 Garden/ 3 Pool,2 x MONTH,RCL $25.00,YES-3,25.00,By meter,45.00,NO,YES,N/A,N/A,N/A,N/A,N/A
265,925,190.00,1 Garden/ 3 Pool,2 x MONTH,RCL $25.00,YES-3,25.00,By meter,25.00,60.00,YES,N/A,N/A,N/A,Universal,N/A
248,928,210.00,3 DAYS P/G,1 x WEEK,NO,NO,25.00,By meter,NO,NO,N/A,N/A,N/A,N/A,N/A,N/A
259,929,190.00,3 DAYS P/G,2 x MONTH,NO,YES-3,25.00,By meter,45.00,NO,YES,N/A,N/A,N/A,N/A,N/A
250,930,190.00,1 Garden/ 3 Pool,2 x MONTH,RCL $25.00,YES-3,25.00,By meter,45.00,NO,YES,N/A,YES,N/A,N/A,N/A
256,932,190.00,1 Garden/ 3 Pool,1 X WEEK,RCL $25.00,YES-3,25.00,By meter,45.00,NO,YES,N/A,N/A,N/A,N/A,N/A
258,933,190.00,1 Garden/ 3 Pool,2 x MONTH,RCL $25.00,YES-3,25.00,By meter,45.00,NO,YES,N/A,N/A,N/A,N/A,N/A
255,934,190.00,1 Garden/ 3 Pool,2 x MONTH,RCL $25.00,YES-3,25.00,By meter,45.00,NO,YES,N/A,N/A,N/A,RCL- Banreservas,N/A
270,942,270.00,3 DAYS P/G,2 x MONTH,RCL $120.00,YES-6,25.00,By meter,66.00,NO,YES,N/A,N/A,N/A,N/A,N/A
272,952,190.00,3 DAYS P/G,2 x MONTH,RCL $120.00,YES-3,25.00,By meter,66.00,NO,YES,N/A,N/A,N/A,RCL- Banreservas,N/A
